{"cameraMode":{"drawMode":0,"name":"Shaded","section":"Shading Mode"},"sceneLighting":true,"audioPlay":false,"sceneViewState":{"showFog":true,"showMaterialUpdate":true,"showSkybox":true,"showFlares":true,"showImageEffects":true,"showParticleSystems":true},"in2DMode":false,"pivot":{"x":-3.117227554321289,"y":-3.5991439819335939,"z":-6.131083011627197},"rotation":{"x":0.04910916090011597,"y":-0.9499564170837402,"z":0.23883308470249177,"w":0.19532710313796998},"size":10.0,"orthographic":false}