{"cameraMode":{"drawMode":0,"name":"Shaded","section":"Shading Mode"},"sceneLighting":false,"audioPlay":false,"sceneViewState":{"showFog":true,"showMaterialUpdate":true,"showSkybox":false,"showFlares":true,"showImageEffects":true,"showParticleSystems":true},"in2DMode":false,"pivot":{"x":-13.281291007995606,"y":-8.711398124694825,"z":4.046082973480225},"rotation":{"x":0.22528564929962159,"y":-0.5929781198501587,"z":0.17777776718139649,"w":0.7526736259460449},"size":22.0,"orthographic":false}