{"cameraMode":{"drawMode":0,"name":"Shaded","section":"Shading Mode"},"sceneLighting":false,"audioPlay":false,"sceneViewState":{"showFog":true,"showMaterialUpdate":true,"showSkybox":false,"showFlares":true,"showImageEffects":true,"showParticleSystems":true},"in2DMode":false,"pivot":{"x":-1.0837444067001343,"y":0.9363235235214233,"z":0.878817081451416},"rotation":{"x":0.19945374131202699,"y":-0.04407821223139763,"z":0.008991098962724209,"w":0.9789066314697266},"size":4.286825656890869,"orthographic":false}