{"cameraMode":{"drawMode":0,"name":"Shaded","section":"Shading Mode"},"sceneLighting":false,"audioPlay":false,"sceneViewState":{"showFog":true,"showMaterialUpdate":true,"showSkybox":false,"showFlares":true,"showImageEffects":true,"showParticleSystems":true},"in2DMode":false,"pivot":{"x":0.5226787328720093,"y":0.3245897889137268,"z":-0.1607120931148529},"rotation":{"x":0.03794162720441818,"y":0.7595405578613281,"z":-0.04448391869664192,"w":0.6478381156921387},"size":0.5715767741203308,"orthographic":false}