{"cameraMode":{"drawMode":0,"name":"Shaded","section":"Shading Mode"},"sceneLighting":false,"audioPlay":false,"sceneViewState":{"showFog":true,"showMaterialUpdate":true,"showSkybox":false,"showFlares":true,"showImageEffects":true,"showParticleSystems":true},"in2DMode":false,"pivot":{"x":0.09914371371269226,"y":0.05539471656084061,"z":-0.11808191984891892},"rotation":{"x":0.08960144966840744,"y":-0.3121246099472046,"z":0.029587967321276666,"w":0.9453523755073547},"size":0.2857883870601654,"orthographic":false}