{"cameraMode":{"drawMode":0,"name":"Shaded","section":"Shading Mode"},"sceneLighting":true,"audioPlay":false,"sceneViewState":{"showFog":true,"showMaterialUpdate":true,"showSkybox":true,"showFlares":true,"showImageEffects":true,"showParticleSystems":true},"in2DMode":false,"pivot":{"x":8.744685173034668,"y":-8.349892616271973,"z":15.616156578063965},"rotation":{"x":-0.22673089802265168,"y":-0.2525096535682678,"z":0.06106261536478996,"w":-0.938775360584259},"size":22.0,"orthographic":false}