{"cameraMode":{"drawMode":0,"name":"Shaded","section":"Shading Mode"},"sceneLighting":true,"audioPlay":false,"sceneViewState":{"showFog":true,"showMaterialUpdate":true,"showSkybox":true,"showFlares":true,"showImageEffects":true,"showParticleSystems":true},"in2DMode":false,"pivot":{"x":-1.7654467821121216,"y":0.6956367492675781,"z":-3.083691120147705},"rotation":{"x":0.02172761969268322,"y":-0.9767410755157471,"z":0.11926688253879547,"w":0.17820823192596436},"size":5.222082138061523,"orthographic":false}