{"cameraMode":{"drawMode":0,"name":"Shaded","section":"Shading Mode"},"sceneLighting":true,"audioPlay":false,"sceneViewState":{"showFog":true,"showMaterialUpdate":true,"showSkybox":true,"showFlares":true,"showImageEffects":true,"showParticleSystems":true},"in2DMode":false,"pivot":{"x":-0.01568889617919922,"y":0.4451885223388672,"z":-2.09523868560791},"rotation":{"x":-0.272615909576416,"y":0.6491706967353821,"z":-0.2691013514995575,"w":-0.6575431823730469},"size":12.275986671447754,"orthographic":false}