{"cameraMode":{"drawMode":0,"name":"Shaded","section":"Shading Mode"},"sceneLighting":false,"audioPlay":false,"sceneViewState":{"showFog":true,"showMaterialUpdate":true,"showSkybox":false,"showFlares":true,"showImageEffects":true,"showParticleSystems":true},"in2DMode":false,"pivot":{"x":-25.93964385986328,"y":-5.024049758911133,"z":-2.0359878540039064},"rotation":{"x":0.0775691494345665,"y":0.8512908220291138,"z":-0.1315433531999588,"w":0.5019941926002502},"size":21.010000228881837,"orthographic":false}