{"cameraMode":{"drawMode":0,"name":"Shaded","section":"Shading Mode"},"sceneLighting":true,"audioPlay":false,"sceneViewState":{"showFog":true,"showMaterialUpdate":true,"showSkybox":true,"showFlares":true,"showImageEffects":true,"showParticleSystems":true},"in2DMode":false,"pivot":{"x":-1.7682816982269288,"y":1.3110077381134034,"z":-2.976027011871338},"rotation":{"x":0.02523321472108364,"y":-0.9653947353363037,"z":0.10174984484910965,"w":0.23979797959327699},"size":5.222082138061523,"orthographic":false}