{"cameraMode":{"drawMode":0,"name":"Shaded","section":"Shading Mode"},"sceneLighting":false,"audioPlay":false,"sceneViewState":{"showFog":true,"showMaterialUpdate":true,"showSkybox":false,"showFlares":true,"showImageEffects":true,"showParticleSystems":true},"in2DMode":false,"pivot":{"x":0.0023071567993611099,"y":0.46413454413414,"z":0.2929438650608063},"rotation":{"x":0.0018871122738346458,"y":-0.6202347874641419,"z":0.0014787843683734537,"w":0.7844809293746948},"size":1.3007265329360963,"orthographic":false}