{"cameraMode":{"drawMode":0,"name":"Shaded","section":"Shading Mode"},"sceneLighting":false,"audioPlay":false,"sceneViewState":{"showFog":true,"showMaterialUpdate":true,"showSkybox":false,"showFlares":true,"showImageEffects":true,"showParticleSystems":true},"in2DMode":false,"pivot":{"x":3.062610387802124,"y":1.432987093925476,"z":0.28872156143188479},"rotation":{"x":0.05070529505610466,"y":-0.8223374485969544,"z":0.0742102861404419,"w":0.5618639588356018},"size":5.613169193267822,"orthographic":false}