{"cameraMode":{"drawMode":0,"name":"Shaded","section":"Shading Mode"},"sceneLighting":true,"audioPlay":false,"sceneViewState":{"showFog":true,"showMaterialUpdate":true,"showSkybox":true,"showFlares":true,"showImageEffects":true,"showParticleSystems":true},"in2DMode":false,"pivot":{"x":0.9116736054420471,"y":2.06000018119812,"z":-4.322407245635986},"rotation":{"x":0.22637183964252473,"y":-0.6018384695053101,"z":0.18320776522159577,"w":0.7436370253562927},"size":5.3285369873046879,"orthographic":false}