{"cameraMode":{"drawMode":0,"name":"Shaded","section":"Shading Mode"},"sceneLighting":false,"audioPlay":false,"sceneViewState":{"showFog":true,"showMaterialUpdate":true,"showSkybox":false,"showFlares":true,"showImageEffects":true,"showParticleSystems":true},"in2DMode":false,"pivot":{"x":1.8604485988616944,"y":1.4439623355865479,"z":1.5854705572128297},"rotation":{"x":0.11690960079431534,"y":-0.04765603318810463,"z":0.005621306132525206,"w":0.9920161962509155},"size":2.857884407043457,"orthographic":false}