{"cameraMode":{"drawMode":0,"name":"Shaded","section":"Shading Mode"},"sceneLighting":false,"audioPlay":false,"sceneViewState":{"showFog":true,"showMaterialUpdate":true,"showSkybox":false,"showFlares":true,"showImageEffects":true,"showParticleSystems":true},"in2DMode":false,"pivot":{"x":-0.17140381038188935,"y":-0.24581190943717957,"z":1.6256680488586426},"rotation":{"x":0.05727224051952362,"y":-0.7759538292884827,"z":0.07119676470756531,"w":0.6241515278816223},"size":4.145573616027832,"orthographic":false}