{"cameraMode":{"drawMode":0,"name":"Shaded","section":"Shading Mode"},"sceneLighting":false,"audioPlay":false,"sceneViewState":{"showFog":true,"showMaterialUpdate":true,"showSkybox":false,"showFlares":true,"showImageEffects":true,"showParticleSystems":true},"in2DMode":false,"pivot":{"x":0.025935422629117967,"y":-0.11736878007650376,"z":0.7196637988090515},"rotation":{"x":0.23768797516822816,"y":-0.011071279644966126,"z":0.00270946160890162,"w":0.9712786078453064},"size":1.1696393489837647,"orthographic":false}