{"cameraMode":{"drawMode":0,"name":"Shaded","section":"Shading Mode"},"sceneLighting":true,"audioPlay":false,"sceneViewState":{"showFog":true,"showMaterialUpdate":true,"showSkybox":true,"showFlares":true,"showImageEffects":true,"showParticleSystems":true},"in2DMode":false,"pivot":{"x":3.7559311389923097,"y":0.9623708724975586,"z":-1.9184913635253907},"rotation":{"x":0.2843206524848938,"y":-0.7109059691429138,"z":0.40326136350631716,"w":0.5011968612670898},"size":5.3285369873046879,"orthographic":false}