{"cameraMode":{"drawMode":0,"name":"Shaded","section":"Shading Mode"},"sceneLighting":false,"audioPlay":false,"sceneViewState":{"showFog":true,"showMaterialUpdate":true,"showSkybox":false,"showFlares":true,"showImageEffects":true,"showParticleSystems":true},"in2DMode":false,"pivot":{"x":3.051499843597412,"y":1.475000023841858,"z":0.29999998211860659},"rotation":{"x":0.002633959287777543,"y":-0.9944987297058106,"z":0.025673724710941316,"w":0.10208376497030258},"size":5.628437519073486,"orthographic":false}