{"cameraMode":{"drawMode":0,"name":"Shaded","section":"Shading Mode"},"sceneLighting":true,"audioPlay":false,"sceneViewState":{"showFog":true,"showMaterialUpdate":true,"showSkybox":true,"showFlares":true,"showImageEffects":true,"showParticleSystems":true},"in2DMode":false,"pivot":{"x":-2.4459261894226076,"y":2.1874728202819826,"z":-1.6495845317840577},"rotation":{"x":0.10250768065452576,"y":-0.7749041318893433,"z":0.13023291528224946,"w":0.6100175976753235},"size":8.607809066772461,"orthographic":false}