{"cameraMode":{"drawMode":0,"name":"Shaded","section":"Shading Mode"},"sceneLighting":false,"audioPlay":false,"sceneViewState":{"showFog":true,"showMaterialUpdate":true,"showSkybox":false,"showFlares":true,"showImageEffects":true,"showParticleSystems":true},"in2DMode":false,"pivot":{"x":2.2477855682373049,"y":0.973703145980835,"z":1.1247036457061768},"rotation":{"x":0.22225303947925569,"y":0.09924700856208801,"z":-0.02275969460606575,"w":0.9696909785270691},"size":2.857884407043457,"orthographic":false}