{"cameraMode":{"drawMode":0,"name":"Shaded","section":"Shading Mode"},"sceneLighting":false,"audioPlay":false,"sceneViewState":{"showFog":true,"showMaterialUpdate":true,"showSkybox":false,"showFlares":true,"showImageEffects":true,"showParticleSystems":true},"in2DMode":false,"pivot":{"x":0.2449965924024582,"y":0.36417174339294436,"z":0.06526421755552292},"rotation":{"x":0.11643459647893906,"y":-0.2756529152393341,"z":0.03365744650363922,"w":0.9535892605781555},"size":0.5715767741203308,"orthographic":false}