{"cameraMode":{"drawMode":0,"name":"Shaded","section":"Shading Mode"},"sceneLighting":false,"audioPlay":false,"sceneViewState":{"showFog":true,"showMaterialUpdate":true,"showSkybox":false,"showFlares":true,"showImageEffects":true,"showParticleSystems":true},"in2DMode":false,"pivot":{"x":-0.14299994707107545,"y":1.5545001029968262,"z":-0.27779489755630495},"rotation":{"x":-0.005765215493738651,"y":-0.988872766494751,"z":0.14339037239551545,"w":-0.03977692872285843},"size":7.44899845123291,"orthographic":false}