{"cameraMode":{"drawMode":0,"name":"Shaded","section":"Shading Mode"},"sceneLighting":false,"audioPlay":false,"sceneViewState":{"showFog":true,"showMaterialUpdate":true,"showSkybox":false,"showFlares":true,"showImageEffects":true,"showParticleSystems":true},"in2DMode":false,"pivot":{"x":0.2998386323451996,"y":0.4899078905582428,"z":-0.20327816903591157},"rotation":{"x":0.07002585381269455,"y":-0.42288392782211306,"z":0.032793622463941577,"w":0.9029386639595032},"size":1.3007265329360963,"orthographic":false}