{"cameraMode":{"drawMode":0,"name":"Shaded","section":"Shading Mode"},"sceneLighting":false,"audioPlay":false,"sceneViewState":{"showFog":true,"showMaterialUpdate":true,"showSkybox":false,"showFlares":true,"showImageEffects":true,"showParticleSystems":true},"in2DMode":false,"pivot":{"x":1.9765079021453858,"y":2.0136022567749025,"z":-0.7192561030387878},"rotation":{"x":0.25933265686035159,"y":0.05790088325738907,"z":-0.015584385022521019,"w":0.9639488458633423},"size":0.8573653101921082,"orthographic":false}