{"cameraMode":{"drawMode":0,"name":"Shaded","section":"Shading Mode"},"sceneLighting":false,"audioPlay":false,"sceneViewState":{"showFog":true,"showMaterialUpdate":true,"showSkybox":false,"showFlares":true,"showImageEffects":true,"showParticleSystems":true},"in2DMode":false,"pivot":{"x":-15.504684448242188,"y":-7.450962543487549,"z":-6.4809064865112309},"rotation":{"x":0.08941849321126938,"y":-0.8272059559822083,"z":0.13782823085784913,"w":0.5378089547157288},"size":22.0,"orthographic":false}