{"cameraMode":{"drawMode":0,"name":"Shaded","section":"Shading Mode"},"sceneLighting":false,"audioPlay":false,"sceneViewState":{"showFog":true,"showMaterialUpdate":true,"showSkybox":false,"showFlares":true,"showImageEffects":true,"showParticleSystems":true},"in2DMode":false,"pivot":{"x":0.21873660385608674,"y":1.5554652214050294,"z":1.5717641115188599},"rotation":{"x":0.0020059773232787849,"y":-0.9939857721328735,"z":0.01487122755497694,"w":0.11011563986539841},"size":0.6361061334609985,"orthographic":false}