{"cameraMode":{"drawMode":0,"name":"Shaded","section":"Shading Mode"},"sceneLighting":false,"audioPlay":false,"sceneViewState":{"showFog":true,"showMaterialUpdate":true,"showSkybox":false,"showFlares":true,"showImageEffects":true,"showParticleSystems":true},"in2DMode":false,"pivot":{"x":-8.264363288879395,"y":-13.906564712524414,"z":-12.529617309570313},"rotation":{"x":0.08306045830249787,"y":-0.9169090390205383,"z":0.28219032287597659,"w":0.27064472436904909},"size":22.0,"orthographic":false}