{"cameraMode":{"drawMode":0,"name":"Shaded","section":"Shading Mode"},"sceneLighting":true,"audioPlay":false,"sceneViewState":{"showFog":true,"showMaterialUpdate":true,"showSkybox":true,"showFlares":true,"showImageEffects":true,"showParticleSystems":true},"in2DMode":false,"pivot":{"x":-0.2872820198535919,"y":1.1125314235687256,"z":0.8250407576560974},"rotation":{"x":-0.3799069821834564,"y":0.5305824875831604,"z":-0.2874825596809387,"w":-0.7012801766395569},"size":2.201573610305786,"orthographic":false}