{"cameraMode":{"drawMode":0,"name":"Shaded","section":"Shading Mode"},"sceneLighting":true,"audioPlay":false,"sceneViewState":{"showFog":true,"showMaterialUpdate":true,"showSkybox":true,"showFlares":true,"showImageEffects":true,"showParticleSystems":true},"in2DMode":false,"pivot":{"x":10.856066703796387,"y":-8.012899398803711,"z":20.38511848449707},"rotation":{"x":-0.17479118704795838,"y":-0.24552062153816224,"z":0.0451241210103035,"w":-0.9525365829467773},"size":25.105653762817384,"orthographic":false}