{"cameraMode":{"drawMode":0,"name":"Shaded","section":"Shading Mode"},"sceneLighting":false,"audioPlay":false,"sceneViewState":{"showFog":true,"showMaterialUpdate":true,"showSkybox":false,"showFlares":true,"showImageEffects":true,"showParticleSystems":true},"in2DMode":false,"pivot":{"x":0.40865379571914675,"y":-0.043980225920677188,"z":0.2937696874141693},"rotation":{"x":0.1358610987663269,"y":0.2531925439834595,"z":-0.035937320441007617,"w":0.9571583867073059},"size":1.1696393489837647,"orthographic":false}