{"cameraMode":{"drawMode":0,"name":"Shaded","section":"Shading Mode"},"sceneLighting":true,"audioPlay":false,"sceneViewState":{"showFog":true,"showMaterialUpdate":true,"showSkybox":true,"showFlares":true,"showImageEffects":true,"showParticleSystems":true},"in2DMode":false,"pivot":{"x":509.04058837890627,"y":412.5400390625,"z":-565.7533569335938},"rotation":{"x":-0.09428837895393372,"y":0.04003651812672615,"z":-0.003798966994509101,"w":-0.9947870373725891},"size":107.25724792480469,"orthographic":false}