{"cameraMode":{"drawMode":0,"name":"Shaded","section":"Shading Mode"},"sceneLighting":true,"audioPlay":false,"sceneViewState":{"showFog":true,"showMaterialUpdate":true,"showSkybox":true,"showFlares":true,"showImageEffects":true,"showParticleSystems":true},"in2DMode":false,"pivot":{"x":13.010774612426758,"y":-9.35971450805664,"z":18.266090393066408},"rotation":{"x":-0.20849062502384187,"y":-0.3135910928249359,"z":0.07085495442152024,"w":-0.923778772354126},"size":25.105653762817384,"orthographic":false}