{"cameraMode":{"drawMode":0,"name":"Shaded","section":"Shading Mode"},"sceneLighting":false,"audioPlay":false,"sceneViewState":{"showFog":true,"showMaterialUpdate":true,"showSkybox":false,"showFlares":true,"showImageEffects":true,"showParticleSystems":true},"in2DMode":false,"pivot":{"x":0.9682039618492127,"y":2.7000033855438234,"z":-3.487272262573242},"rotation":{"x":0.1134357899427414,"y":-0.6352419853210449,"z":0.09504202753305435,"w":0.7583048939704895},"size":5.222082138061523,"orthographic":false}