{"cameraMode":{"drawMode":0,"name":"Shaded","section":"Shading Mode"},"sceneLighting":false,"audioPlay":false,"sceneViewState":{"showFog":true,"showMaterialUpdate":true,"showSkybox":false,"showFlares":true,"showImageEffects":true,"showParticleSystems":true},"in2DMode":false,"pivot":{"x":-0.4988943338394165,"y":-13.858504295349121,"z":-15.665708541870118},"rotation":{"x":0.002106033032760024,"y":-0.9354089498519898,"z":0.353693425655365,"w":0.005596461705863476},"size":22.0,"orthographic":false}