{"cameraMode":{"drawMode":0,"name":"Shaded","section":"Shading Mode"},"sceneLighting":false,"audioPlay":false,"sceneViewState":{"showFog":true,"showMaterialUpdate":true,"showSkybox":false,"showFlares":true,"showImageEffects":true,"showParticleSystems":true},"in2DMode":false,"pivot":{"x":-0.2908458113670349,"y":-0.061582714319229129,"z":0.5742337107658386},"rotation":{"x":0.1297670602798462,"y":-0.22054056823253632,"z":0.0296182744204998,"w":0.9662566184997559},"size":1.1696393489837647,"orthographic":false}