{"cameraMode":{"drawMode":0,"name":"Shaded","section":"Shading Mode"},"sceneLighting":false,"audioPlay":false,"sceneViewState":{"showFog":true,"showMaterialUpdate":true,"showSkybox":false,"showFlares":true,"showImageEffects":true,"showParticleSystems":true},"in2DMode":false,"pivot":{"x":-0.976778507232666,"y":0.8514238595962524,"z":-2.251373767852783},"rotation":{"x":0.07537321001291275,"y":-0.4387424886226654,"z":0.03689856454730034,"w":0.8949363827705383},"size":5.222082138061523,"orthographic":false}