{"cameraMode":{"drawMode":0,"name":"Shaded","section":"Shading Mode"},"sceneLighting":true,"audioPlay":false,"sceneViewState":{"showFog":true,"showMaterialUpdate":true,"showSkybox":true,"showFlares":true,"showImageEffects":true,"showParticleSystems":true},"in2DMode":false,"pivot":{"x":-18.289541244506837,"y":6.438806533813477,"z":-29.873502731323243},"rotation":{"x":0.013288521207869053,"y":0.9620890021324158,"z":0.047664519399404529,"w":-0.26841360330581667},"size":40.010372161865237,"orthographic":false}