{"cameraMode":{"drawMode":0,"name":"Shaded","section":"Shading Mode"},"sceneLighting":false,"audioPlay":false,"sceneViewState":{"showFog":true,"showMaterialUpdate":true,"showSkybox":false,"showFlares":true,"showImageEffects":true,"showParticleSystems":true},"in2DMode":false,"pivot":{"x":1.9514999389648438,"y":1.3864365816116334,"z":1.285800814628601},"rotation":{"x":0.09445599466562271,"y":-0.06715252250432968,"z":0.006378986407071352,"w":0.9932773113250732},"size":2.857884407043457,"orthographic":false}