{"cameraMode":{"drawMode":0,"name":"Shaded","section":"Shading Mode"},"sceneLighting":false,"audioPlay":false,"sceneViewState":{"showFog":true,"showMaterialUpdate":true,"showSkybox":false,"showFlares":true,"showImageEffects":true,"showParticleSystems":true},"in2DMode":false,"pivot":{"x":-0.6577339172363281,"y":0.8007248640060425,"z":0.6352212429046631},"rotation":{"x":0.04842676967382431,"y":-0.8500754237174988,"z":0.07926411926746369,"w":0.5188279747962952},"size":5.222082138061523,"orthographic":false}