{"cameraMode":{"drawMode":0,"name":"Shaded","section":"Shading Mode"},"sceneLighting":false,"audioPlay":false,"sceneViewState":{"showFog":true,"showMaterialUpdate":true,"showSkybox":false,"showFlares":true,"showImageEffects":true,"showParticleSystems":true},"in2DMode":false,"pivot":{"x":1.850000023841858,"y":2.0,"z":-0.6000000834465027},"rotation":{"x":0.20111998915672303,"y":0.28471168875694277,"z":-0.06122886762022972,"w":0.9352998733520508},"size":0.8573653101921082,"orthographic":false}