{"cameraMode":{"drawMode":0,"name":"Shaded","section":"Shading Mode"},"sceneLighting":true,"audioPlay":false,"sceneViewState":{"showFog":true,"showMaterialUpdate":true,"showSkybox":true,"showFlares":true,"showImageEffects":true,"showParticleSystems":true},"in2DMode":false,"pivot":{"x":1.0125927925109864,"y":-0.8276021480560303,"z":-3.71101450920105},"rotation":{"x":0.09326637536287308,"y":-0.9003255367279053,"z":0.23755986988544465,"w":0.3532676100730896},"size":8.270599365234375,"orthographic":false}