{"cameraMode":{"drawMode":0,"name":"Shaded","section":"Shading Mode"},"sceneLighting":true,"audioPlay":false,"sceneViewState":{"showFog":true,"showMaterialUpdate":true,"showSkybox":true,"showFlares":true,"showImageEffects":true,"showParticleSystems":true},"in2DMode":false,"pivot":{"x":-0.8828672766685486,"y":0.6681037545204163,"z":1.09099543094635},"rotation":{"x":-0.22260203957557679,"y":-0.3812401592731476,"z":0.09517993777990341,"w":-0.8923385739326477},"size":0.646892786026001,"orthographic":false}