{"cameraMode":{"drawMode":0,"name":"Shaded","section":"Shading Mode"},"sceneLighting":true,"audioPlay":false,"sceneViewState":{"showFog":true,"showMaterialUpdate":true,"showSkybox":true,"showFlares":true,"showImageEffects":true,"showParticleSystems":true},"in2DMode":false,"pivot":{"x":2.794264316558838,"y":3.8774890899658205,"z":-5.590909004211426},"rotation":{"x":0.2277117520570755,"y":-0.34384673833847048,"z":0.08633284270763397,"w":0.9069070219993591},"size":5.3285369873046879,"orthographic":false}