{"cameraMode":{"drawMode":0,"name":"Shaded","section":"Shading Mode"},"sceneLighting":false,"audioPlay":false,"sceneViewState":{"showFog":true,"showMaterialUpdate":true,"showSkybox":false,"showFlares":true,"showImageEffects":true,"showParticleSystems":true},"in2DMode":false,"pivot":{"x":-0.2097400724887848,"y":-0.09528496861457825,"z":0.5989648699760437},"rotation":{"x":0.14537867903709413,"y":-0.18376770615577699,"z":0.027491873130202295,"w":0.9717745184898377},"size":1.1696393489837647,"orthographic":false}