{"cameraMode":{"drawMode":0,"name":"Shaded","section":"Shading Mode"},"sceneLighting":false,"audioPlay":false,"sceneViewState":{"showFog":true,"showMaterialUpdate":true,"showSkybox":false,"showFlares":true,"showImageEffects":true,"showParticleSystems":true},"in2DMode":false,"pivot":{"x":0.17952367663383485,"y":-0.540007472038269,"z":1.6272730827331544},"rotation":{"x":0.1390477567911148,"y":0.0029710533563047649,"z":-0.00041729514487087727,"w":0.9902837872505188},"size":4.696775913238525,"orthographic":false}