{"cameraMode":{"drawMode":0,"name":"Shaded","section":"Shading Mode"},"sceneLighting":true,"audioPlay":false,"sceneViewState":{"showFog":true,"showMaterialUpdate":true,"showSkybox":true,"showFlares":true,"showImageEffects":true,"showParticleSystems":true},"in2DMode":false,"pivot":{"x":10.403853416442871,"y":-9.706403732299805,"z":19.593210220336915},"rotation":{"x":-0.2202131599187851,"y":-0.244490385055542,"z":0.057157862931489947,"w":-0.9426761269569397},"size":25.105653762817384,"orthographic":false}