{"cameraMode":{"drawMode":0,"name":"Shaded","section":"Shading Mode"},"sceneLighting":false,"audioPlay":false,"sceneViewState":{"showFog":true,"showMaterialUpdate":true,"showSkybox":false,"showFlares":true,"showImageEffects":true,"showParticleSystems":true},"in2DMode":false,"pivot":{"x":0.5672325491905212,"y":0.30343639850616457,"z":0.0048371776938438419},"rotation":{"x":-0.08774179220199585,"y":0.6937226057052612,"z":-0.08575999736785889,"w":-0.7097305655479431},"size":0.5360121130943298,"orthographic":false}