{"cameraMode":{"drawMode":0,"name":"Shaded","section":"Shading Mode"},"sceneLighting":true,"audioPlay":false,"sceneViewState":{"showFog":true,"showMaterialUpdate":true,"showSkybox":true,"showFlares":true,"showImageEffects":true,"showParticleSystems":true},"in2DMode":false,"pivot":{"x":-2.924778938293457,"y":-6.414408206939697,"z":-26.268203735351564},"rotation":{"x":-0.007820400409400463,"y":0.9878227710723877,"z":-0.14626547694206239,"w":-0.05278602987527847},"size":30.864948272705079,"orthographic":false}