{"cameraMode":{"drawMode":0,"name":"Shaded","section":"Shading Mode"},"sceneLighting":false,"audioPlay":false,"sceneViewState":{"showFog":true,"showMaterialUpdate":true,"showSkybox":false,"showFlares":true,"showImageEffects":true,"showParticleSystems":true},"in2DMode":false,"pivot":{"x":0.10068222880363465,"y":0.3638667166233063,"z":0.31402015686035159},"rotation":{"x":0.03044535405933857,"y":-0.2558897137641907,"z":0.008062694221735,"w":0.9661965370178223},"size":0.5715767741203308,"orthographic":false}